27, anomaly, normal
1.0,0.0,3232235778.0,2252659786.0,0.1,78.0,1
2.0,0.608103,2252659786.0,3232235778.0,0.1,78.0,1
3.0,0.608301,3232235778.0,2252659786.0,0.1,81.0,1
4.0,0.877034,2252659786.0,3232235778.0,0.1,459.0,1
5.0,1.105127,2252659786.0,3232235778.0,0.1,78.0,1
6.0,1.105364,3232235778.0,2252659786.0,0.1,75.0,1
7.0,1.405124,3232235778.0,2252659786.0,0.1,152.0,1
8.0,1.686968,2252659786.0,3232235778.0,0.1,70.0,1
9.0,1.68717,3232235778.0,2252659786.0,0.1,70.0,1
1.9359652261606333,2.053037,3232235778.0,6.254600745117317,0.1,109.0,0
11.0,2.314153,2252659786.0,3232235778.0,0.1,102.0,1
12.0,2.329107,3232235778.0,2252659786.0,0.1,92.0,1
13.0,2.459537,2252659786.0,3232235778.0,0.1,149.0,1
14.0,2.637712,2252659786.0,3232235778.0,0.1,74.0,1
15.0,2.637888,3232235778.0,2252659786.0,0.1,74.0,1
16.0,2.765539,2252659786.0,3232235778.0,0.1,74.0,1
17.0,2.985553,2252659786.0,3232235778.0,0.1,98.0,1
18.0,2.99504,3232235778.0,2252659786.0,0.1,70.0,1
19.0,3.359694,3232235778.0,2252659786.0,0.1,78.0,1
20.0,3.615561,2252659786.0,3232235778.0,0.1,78.0,1
21.0,3.615722,3232235778.0,2252659786.0,0.1,81.0,1
22.0,3.833657,2252659786.0,3232235778.0,0.1,459.0,1
23.0,4.052165,2252659786.0,3232235778.0,0.1,78.0,1
24.0,4.052401,3232235778.0,2252659786.0,0.1,75.0,1
25.0,4.32371,3232235778.0,2252659786.0,0.1,130.0,1
26.0,4.451068,2252659786.0,3232235778.0,0.1,70.0,1
27.0,4.451242,3232235778.0,2252659786.0,0.1,70.0,1
28.0,4.612763,3232235778.0,2252659786.0,0.1,109.0,1
29.0,4.794255,2252659786.0,3232235778.0,0.1,70.0,1
2.2377575728880443,4.802349,2252659786.0,3232235778.0,0.1,1514.0,0
31.0,4.933426,2252659786.0,3232235778.0,0.1,1514.0,1
32.0,4.939348,2252659786.0,3232235778.0,0.1,1514.0,1
33.0,4.945509,2252659786.0,3232235778.0,0.1,1514.0,1
34.0,5.134973,2252659786.0,3232235778.0,0.1,1514.0,1
35.0,5.142378,2252659786.0,3232235778.0,0.1,1514.0,1
36.0,5.151045,2252659786.0,3232235778.0,0.1,1514.0,1
37.0,5.160857,2252659786.0,3232235778.0,0.1,1514.0,1
38.0,5.168993,2252659786.0,3232235778.0,0.1,1514.0,1
39.0,5.265787,2252659786.0,3232235778.0,0.1,1514.0,1
10.457296860467794,5.271969,2252659786.0,5.345534959585021,0.1,1514.0,0
41.0,5.277876,2252659786.0,3232235778.0,0.1,1514.0,1
7.577440434454866,5.283811,2252659786.0,3232235778.0,0.1,7.786994674558959,0
43.0,5.383819,2252659786.0,3232235778.0,0.1,1514.0,1
44.0,5.390013,2252659786.0,3232235778.0,0.1,1514.0,1
45.0,5.395999,2252659786.0,3232235778.0,0.1,1514.0,1
46.0,5.403805,2252659786.0,3232235778.0,0.1,1514.0,1
47.0,5.411452,2252659786.0,3232235778.0,0.1,1514.0,1
48.0,5.417418,2252659786.0,3232235778.0,0.1,1514.0,0
49.0,5.429009,7.863239646363951,3232235778.0,0.1,5.898769545786812,0
50.0,5.434908,2252659786.0,3232235778.0,0.1,1514.0,1
51.0,5.441084,2252659786.0,3232235778.0,0.1,1514.0,1
52.0,5.44691,2252659786.0,3232235778.0,0.1,1514.0,1
53.0,5.453849,2252659786.0,3232235778.0,0.1,1514.0,1
54.0,5.464395,2252659786.0,3232235778.0,0.1,1514.0,1
55.0,5.472524,2252659786.0,3232235778.0,0.1,1514.0,1
56.0,5.480415,2252659786.0,3232235778.0,0.1,1514.0,1
57.0,5.518868,2252659786.0,3232235778.0,0.1,1514.0,1
58.0,5.529934,2252659786.0,3232235778.0,0.1,1514.0,1
59.0,5.541538,2252659786.0,3232235778.0,0.1,1514.0,1
60.0,5.552393,2252659786.0,3232235778.0,0.1,1514.0,1
61.0,5.607781,3.4663978108724294,3232235778.0,0.1,1514.0,0
62.0,5.614937,2252659786.0,3232235778.0,0.1,1514.0,1
63.0,5.621825,2252659786.0,3232235778.0,0.1,1514.0,1
64.0,5.630461,2252659786.0,3232235778.0,0.1,1514.0,1
65.0,5.637366,2252659786.0,3232235778.0,0.1,1514.0,1
66.0,5.646008,2252659786.0,3232235778.0,0.1,1514.0,1
67.0,5.654843,2252659786.0,3232235778.0,0.1,1514.0,1
68.0,5.662976,2252659786.0,3232235778.0,0.1,1514.0,1
69.0,5.671395,2252659786.0,3232235778.0,0.1,1514.0,1
70.0,5.678489,2252659786.0,3232235778.0,0.1,1514.0,1
71.0,5.684426,2252659786.0,3232235778.0,0.1,1514.0,1
72.0,5.690828,2252659786.0,3232235778.0,0.1,1514.0,1
73.0,5.696974,2252659786.0,3232235778.0,0.1,1514.0,1
74.0,5.702886,2252659786.0,3232235778.0,0.1,1514.0,1
75.0,5.708811,2252659786.0,3232235778.0,0.1,1514.0,1
76.0,5.714472,2252659786.0,3232235778.0,0.1,1514.0,1
77.0,5.7204,2252659786.0,3232235778.0,0.1,1514.0,1
78.0,5.726319,2252659786.0,3232235778.0,0.1,1514.0,1
79.0,5.732471,2252659786.0,3232235778.0,0.1,1514.0,1
3.162618961745404,5.744548,2252659786.0,3232235778.0,0.1,1514.0,0
81.0,5.750449,2252659786.0,3232235778.0,0.1,1514.0,1
82.0,5.756374,2252659786.0,3232235778.0,0.1,1514.0,1
83.0,5.762525,2252659786.0,3232235778.0,0.1,1514.0,1
84.0,5.76843,2252659786.0,3232235778.0,0.1,1514.0,1
85.0,5.77434,2252659786.0,3232235778.0,0.1,1514.0,1
86.0,5.785914,2252659786.0,3232235778.0,0.1,1514.0,1
87.0,5.791842,2252659786.0,3232235778.0,0.1,1514.0,1
88.0,5.803913,2252659786.0,3232235778.0,0.1,1514.0,1
89.0,5.809341,2252659786.0,3232235778.0,0.1,1514.0,1
90.0,5.815495,2252659786.0,3232235778.0,0.1,1514.0,1
91.0,5.821445,2252659786.0,3.5276881881991278,0.1,1514.0,0
92.0,5.827329,2252659786.0,3232235778.0,0.1,1514.0,1
93.0,5.834471,2252659786.0,3232235778.0,0.1,1514.0,1
94.0,5.857885,2252659786.0,3232235778.0,0.1,1514.0,1
95.0,5.865501,2252659786.0,3232235778.0,0.1,1514.0,1
96.0,5.872417,2252659786.0,3232235778.0,0.1,1514.0,1
97.0,5.878298,2252659786.0,3232235778.0,0.1,1514.0,1
98.0,5.884487,2252659786.0,3232235778.0,0.1,1514.0,1
99.0,5.890415,2252659786.0,3232235778.0,0.1,1514.0,1
6.317582142993178,5.896354,2252659786.0,3232235778.0,0.1,1514.0,0
101.0,5.902468,2252659786.0,3232235778.0,0.1,1514.0,1
102.0,5.909862,2252659786.0,3232235778.0,0.1,1514.0,1
103.0,5.918491,2252659786.0,3232235778.0,0.1,1514.0,1
104.0,5.926406,2252659786.0,3232235778.0,0.1,1514.0,1
105.0,5.935517,2252659786.0,3232235778.0,0.1,1514.0,1
0.39780705620379475,9.826482318782972,2252659786.0,3232235778.0,0.1,1514.0,0
107.0,5.951514,2252659786.0,3232235778.0,0.1,1514.0,1
108.0,5.957913,2252659786.0,3232235778.0,0.1,1514.0,1
109.0,8.889558893743557,2252659786.0,3232235778.0,0.1,1514.0,0
110.0,5.969985,2252659786.0,3232235778.0,0.1,1514.0,1
111.0,5.975885,2252659786.0,3232235778.0,0.1,1514.0,1
112.0,5.98178,2252659786.0,3232235778.0,0.1,1514.0,1
113.0,5.987966,2252659786.0,3232235778.0,0.1,1514.0,1
114.0,5.993876,2252659786.0,3232235778.0,0.1,1514.0,1
115.0,6.000021,2252659786.0,3232235778.0,0.1,1514.0,1
116.0,6.005984,2252659786.0,3232235778.0,0.1,1514.0,1
117.0,6.011863,2252659786.0,3232235778.0,0.1,1514.0,1
118.0,6.01902,2252659786.0,3232235778.0,0.1,1514.0,1
119.0,6.025898,2252659786.0,3232235778.0,0.1,1514.0,1
120.0,6.035041,2252659786.0,3232235778.0,0.1,1514.0,1
121.0,6.041912,2252659786.0,3232235778.0,0.1,1514.0,1
122.0,6.047832,2252659786.0,3232235778.0,0.1,1514.0,1
123.0,6.054009,2252659786.0,3232235778.0,0.1,1514.0,1
124.0,6.061889,2252659786.0,3232235778.0,0.1,1514.0,1
125.0,6.070007,2252659786.0,3232235778.0,0.1,1514.0,1
126.0,6.077882,2252659786.0,3232235778.0,0.1,1514.0,1
127.0,6.085031,2252659786.0,3232235778.0,0.1,1514.0,1
128.0,6.09097,2252659786.0,3232235778.0,0.1,1514.0,1
129.0,6.101572,2252659786.0,3232235778.0,0.1,1514.0,1
130.0,6.107461,2252659786.0,3232235778.0,0.1,1514.0,1
131.0,6.113369,2252659786.0,3232235778.0,0.1,1514.0,1
132.0,6.119537,2252659786.0,3232235778.0,0.1,1514.0,1
133.0,6.125441,2252659786.0,3232235778.0,0.1,1514.0,1
134.0,6.131405,2252659786.0,3232235778.0,0.1,1514.0,1
135.0,6.137061,2252659786.0,3232235778.0,0.1,1514.0,1
136.0,6.142944,2252659786.0,3232235778.0,0.1,1514.0,1
137.0,6.148863,2252659786.0,3232235778.0,0.1,1514.0,1
138.0,6.160961,2252659786.0,3232235778.0,0.1,1514.0,1
139.0,6.16143,2252659786.0,3232235778.0,0.1,1514.0,1
140.0,6.166859,2252659786.0,3232235778.0,0.1,1514.0,1
141.0,6.181413,2252659786.0,3232235778.0,0.1,1514.0,1
142.0,6.187547,2252659786.0,3232235778.0,0.1,1514.0,1
143.0,6.193455,2252659786.0,3232235778.0,0.1,1514.0,1
144.0,6.199361,2252659786.0,3232235778.0,0.1,1514.0,1
145.0,6.205507,2252659786.0,3232235778.0,0.1,1514.0,1
146.0,6.211473,2252659786.0,3232235778.0,0.1,1514.0,1
147.0,6.217344,2252659786.0,3232235778.0,0.1,1514.0,1
148.0,6.223506,2252659786.0,3232235778.0,0.1,1514.0,1
149.0,6.228939,2252659786.0,3232235778.0,0.1,11.369859974442061,0
2959.0,57.701055,2252659786.0,3232235778.0,0.1,1514.0,1
2960.0,57.707001,2252659786.0,3232235778.0,0.1,1514.0,1
2961.0,57.712935,2252659786.0,3232235778.0,0.1,1514.0,1
2962.0,57.719035,2252659786.0,3232235778.0,0.1,1514.0,1
2963.0,57.724742,2252659786.0,3232235778.0,0.1,1514.0,1
2964.0,57.730381,2252659786.0,3232235778.0,0.1,1514.0,1
2965.0,57.737074,2252659786.0,3232235778.0,0.1,1514.0,1
2966.0,57.742945,2252659786.0,3232235778.0,0.1,1514.0,1
2967.0,57.749113,2252659786.0,3232235778.0,0.1,1514.0,1
2968.0,57.755128,2252659786.0,3232235778.0,0.1,1514.0,1
2969.0,57.76094,2252659786.0,3232235778.0,0.1,1514.0,1
2970.0,57.767137,2252659786.0,3232235778.0,0.1,1514.0,1
2971.0,57.772993,2252659786.0,3232235778.0,0.1,1514.0,1
2972.0,57.778939,2252659786.0,3232235778.0,0.1,1514.0,1
2973.0,57.785549,2252659786.0,3232235778.0,0.1,1514.0,1
2974.0,57.791485,2252659786.0,3232235778.0,0.1,1514.0,1
2975.0,57.797427,2252659786.0,3232235778.0,0.1,1514.0,1
2976.0,57.803578,2252659786.0,3232235778.0,0.1,1514.0,1
2977.0,57.809442,2252659786.0,3232235778.0,0.1,1514.0,1
2978.0,57.815469,2252659786.0,3232235778.0,0.1,1395.0,1
2979.0,61.481778,3232235778.0,2252659786.0,0.1,222.0,1
2980.0,61.612009,2252659786.0,3232235778.0,0.1,70.0,1
2981.0,61.618583,2252659786.0,3232235778.0,0.1,1514.0,1
2982.0,61.624487,2252659786.0,3232235778.0,0.1,1514.0,1
2983.0,61.743523,2252659786.0,3232235778.0,0.1,1514.0,1
2984.0,61.749657,2252659786.0,3232235778.0,0.1,1514.0,1
2985.0,61.755576,2252659786.0,3232235778.0,0.1,1514.0,1
2986.0,61.761719,2252659786.0,3232235778.0,0.1,1514.0,1
2987.0,61.76766,2252659786.0,3232235778.0,0.1,1514.0,1
2988.0,61.773553,2252659786.0,3232235778.0,0.1,1514.0,1
2989.0,61.875609,2252659786.0,3232235778.0,0.1,1514.0,1
2990.0,61.880744,2252659786.0,3232235778.0,0.1,1514.0,1
2991.0,61.887175,2252659786.0,3232235778.0,0.1,1514.0,1
2992.0,61.888976,2252659786.0,3232235778.0,0.1,519.0,1
2993.0,66.425773,3232235778.0,2252659786.0,0.1,224.0,1
2994.0,66.556206,2252659786.0,3232235778.0,0.1,70.0,1
2995.0,66.561799,2252659786.0,3232235778.0,0.1,1514.0,1
2996.0,66.567701,2252659786.0,3232235778.0,0.1,1514.0,1
2997.0,66.685135,2252659786.0,3232235778.0,0.1,938.0,1
2998.0,71.292691,3232235778.0,2252659786.0,0.1,376.0,1
2999.0,71.427645,2252659786.0,3232235778.0,0.1,70.0,1
3000.0,71.433789,2252659786.0,3232235778.0,0.1,1514.0,1
3001.0,71.439956,2252659786.0,3232235778.0,0.1,1514.0,1
3002.0,71.55895,2252659786.0,3232235778.0,0.1,1514.0,1
3003.0,71.565355,2252659786.0,3232235778.0,0.1,1514.0,1
3004.0,71.571522,2252659786.0,3232235778.0,0.1,1514.0,1
3005.0,71.577453,2252659786.0,3232235778.0,0.1,1514.0,1
3006.0,71.582861,2252659786.0,3232235778.0,0.1,1514.0,1
3007.0,71.589036,2252659786.0,3232235778.0,0.1,1514.0,1
3008.0,71.690535,2252659786.0,3232235778.0,0.1,1514.0,1
3009.0,71.696448,2252659786.0,3232235778.0,0.1,1514.0,1
3010.0,71.702394,2252659786.0,3232235778.0,0.1,1514.0,1
3011.0,71.708516,2252659786.0,3232235778.0,0.1,1514.0,1
3012.0,71.714416,2252659786.0,3232235778.0,0.1,1514.0,1
3013.0,71.720342,2252659786.0,3232235778.0,0.1,1514.0,1
3014.0,71.726497,2252659786.0,3232235778.0,0.1,1514.0,1
3015.0,71.732451,2252659786.0,3232235778.0,0.1,1514.0,1
3016.0,71.738328,2252659786.0,3232235778.0,0.1,1514.0,1
3017.0,71.740369,2252659786.0,3232235778.0,0.1,343.0,1
3018.0,76.022514,3232235778.0,2252659786.0,0.1,466.0,1
3019.0,76.160947,2252659786.0,3232235778.0,0.1,70.0,1
3020.0,76.167594,2252659786.0,3232235778.0,0.1,1514.0,1
3021.0,76.173481,2252659786.0,3232235778.0,0.1,1514.0,1
3022.0,76.292497,9.507988070466705,3232235778.0,0.1,1514.0,0
3023.0,76.298656,2252659786.0,3232235778.0,0.1,1514.0,1
1.3101150763189549,11.801280622674515,2252659786.0,3232235778.0,0.1,1514.0,0
3025.0,76.310468,2252659786.0,3232235778.0,0.1,1514.0,1
3026.0,76.316625,2252659786.0,3232235778.0,0.1,1514.0,1
3027.0,76.322602,2252659786.0,3232235778.0,0.1,1514.0,1
7.719990793629737,76.424051,2252659786.0,5.995318647695725,0.1,1514.0,0
3029.0,76.429483,2252659786.0,3232235778.0,0.1,1514.0,1
3030.0,76.436115,2252659786.0,3232235778.0,0.1,1514.0,1
3031.0,76.442039,2252659786.0,3232235778.0,0.1,1514.0,1
3032.0,76.447945,2252659786.0,3232235778.0,0.1,1514.0,1
3.355420495199244,2.396307587020346,2252659786.0,3232235778.0,0.1,1514.0,0
3034.0,76.460039,2252659786.0,3232235778.0,0.1,1514.0,1
3035.0,76.465943,2252659786.0,3232235778.0,0.1,1514.0,1
3036.0,76.472608,2252659786.0,3232235778.0,0.1,1514.0,1
3037.0,76.478505,2252659786.0,3232235778.0,0.1,1514.0,1
3038.0,76.486134,2252659786.0,3232235778.0,0.1,1514.0,1
3039.0,76.49401,2252659786.0,3232235778.0,0.1,1514.0,1
3040.0,76.556106,2252659786.0,3232235778.0,0.1,1514.0,1
3041.0,76.562034,2252659786.0,3232235778.0,0.1,1514.0,1
3042.0,76.567922,2252659786.0,3232235778.0,0.1,1514.0,1
3043.0,76.574585,2252659786.0,3232235778.0,0.1,1514.0,1
3044.0,76.580489,2252659786.0,3232235778.0,0.1,1514.0,1
3045.0,76.583859,2252659786.0,3232235778.0,0.1,924.0,1
3046.0,81.038746,3232235778.0,2252659786.0,0.1,770.0,1
3047.0,81.322547,2252659786.0,3232235778.0,0.1,70.0,1
3048.0,81.329392,2252659786.0,3232235778.0,0.1,1514.0,1
3049.0,81.335265,2252659786.0,3232235778.0,0.1,1514.0,1
3050.0,81.498848,2252659786.0,3232235778.0,0.1,1514.0,1
3051.0,81.504765,2252659786.0,3232235778.0,0.1,1514.0,1
3052.0,81.510679,2252659786.0,3232235778.0,0.1,1514.0,1
3053.0,81.516862,2252659786.0,3232235778.0,0.1,1514.0,1
3054.0,81.522746,2252659786.0,3232235778.0,0.1,1514.0,1
3055.0,81.528699,2252659786.0,3232235778.0,0.1,1514.0,1
3056.0,81.629673,2252659786.0,6.4981118231030575,11.466323402784864,1514.0,0
3057.0,81.635843,2252659786.0,3232235778.0,0.1,1514.0,1
3058.0,81.641749,2252659786.0,3232235778.0,0.1,1514.0,1
3059.0,81.647736,2252659786.0,3232235778.0,0.1,1514.0,1
3060.0,81.654312,2252659786.0,3232235778.0,0.1,1514.0,1
3061.0,81.661743,2252659786.0,3232235778.0,0.1,1514.0,1
3062.0,81.668192,2252659786.0,3232235778.0,0.1,1514.0,1
3063.0,81.674352,2252659786.0,3232235778.0,0.1,1514.0,1
3064.0,81.685968,2252659786.0,3232235778.0,0.1,1514.0,1
3065.0,81.686425,2252659786.0,3232235778.0,0.1,1514.0,1
3066.0,81.691783,2252659786.0,3232235778.0,0.1,1514.0,1
3067.0,81.697765,2252659786.0,3232235778.0,0.1,1514.0,1
3068.0,81.827332,2252659786.0,3232235778.0,0.1,1514.0,1
3069.0,81.835185,2252659786.0,3232235778.0,0.1,1514.0,1
3070.0,81.841814,2252659786.0,3232235778.0,0.1,1514.0,1
3071.0,81.849186,2252659786.0,3232235778.0,0.1,1514.0,1
3072.0,81.855115,2252659786.0,3232235778.0,0.1,1514.0,1
3073.0,81.86129,2252659786.0,3232235778.0,0.1,1514.0,1
3074.0,81.867183,2252659786.0,3232235778.0,0.1,1514.0,1
3075.0,81.873352,2252659786.0,3232235778.0,0.1,1514.0,1
3076.0,81.879259,2252659786.0,3232235778.0,0.1,1514.0,1
3077.0,81.880574,2252659786.0,3232235778.0,0.1,432.0,1
3078.0,86.193359,3232235778.0,11.313930765776037,0.1,5.213456154457015,0
3079.0,86.508089,2252659786.0,3232235778.0,0.1,70.0,1
3080.0,86.514015,2252659786.0,3232235778.0,0.1,1514.0,1
3081.0,86.520389,2252659786.0,3232235778.0,0.1,1514.0,1
3082.0,86.789938,2252659786.0,3232235778.0,0.1,1514.0,1
3083.0,86.795851,2252659786.0,3232235778.0,0.1,1514.0,1
3084.0,86.801783,2252659786.0,3232235778.0,0.1,1514.0,1
3085.0,86.807923,2252659786.0,3232235778.0,0.1,1514.0,1
3086.0,86.81384,2252659786.0,3232235778.0,0.1,1514.0,1
3087.0,86.820018,2252659786.0,3232235778.0,0.1,1514.0,1
3088.0,87.199436,2252659786.0,3232235778.0,0.1,1514.0,1
3089.0,87.20537,2252659786.0,3232235778.0,0.1,1514.0,1
3090.0,87.211501,2252659786.0,3232235778.0,0.1,1514.0,1
3091.0,87.217473,2252659786.0,3232235778.0,0.1,1514.0,1
3092.0,87.223319,2252659786.0,3232235778.0,0.1,1514.0,1
3093.0,87.229516,2252659786.0,3232235778.0,0.1,1514.0,1
3094.0,87.235526,2252659786.0,3232235778.0,0.1,1514.0,1
3095.0,87.241322,2252659786.0,3232235778.0,0.1,1514.0,1
3096.0,87.247475,11.955539242109175,3232235778.0,9.280064935727662,1514.0,0
3097.0,87.253399,2252659786.0,3232235778.0,0.1,1514.0,1
3098.0,87.259309,2252659786.0,3232235778.0,0.1,1514.0,1
3099.0,87.26595,2252659786.0,3232235778.0,0.1,1514.0,1
3100.0,87.432014,2252659786.0,3232235778.0,0.1,1514.0,1
3101.0,87.437909,2252659786.0,3232235778.0,0.1,1514.0,1
3102.0,87.459345,2252659786.0,3232235778.0,0.1,1514.0,1
3103.0,87.465261,2252659786.0,3232235778.0,0.1,1514.0,1
3104.0,87.471423,2252659786.0,3232235778.0,0.1,1514.0,1
3105.0,87.477373,2252659786.0,3232235778.0,0.1,1514.0,1
3106.0,8.746778590470658,2252659786.0,5.4461907972648245,0.1,1514.0,0
3107.0,87.489411,2252659786.0,3232235778.0,0.1,1514.0,1
3108.0,87.49532,2252659786.0,3232235778.0,0.1,1514.0,1
3109.0,87.501516,2252659786.0,3232235778.0,0.1,1514.0,1
3110.0,87.507424,2252659786.0,3232235778.0,0.1,1514.0,1
3111.0,87.513338,2252659786.0,3232235778.0,0.1,1514.0,1
3112.0,87.568973,2252659786.0,3232235778.0,0.1,1514.0,1
3113.0,87.574898,2252659786.0,3232235778.0,0.1,1514.0,1
3114.0,87.580832,2252659786.0,3232235778.0,0.1,1514.0,1
3115.0,87.586973,2252659786.0,3232235778.0,0.1,1514.0,1
3116.0,87.592894,2252659786.0,3232235778.0,0.1,1514.0,1
3117.0,87.598819,2252659786.0,3232235778.0,0.1,1514.0,1
3118.0,87.605949,2252659786.0,3232235778.0,0.1,1514.0,1
3119.0,87.612846,2252659786.0,3232235778.0,0.1,1514.0,1
3120.0,87.620514,2252659786.0,3232235778.0,0.1,1514.0,1
3121.0,87.645366,2252659786.0,3232235778.0,0.1,1514.0,1
3122.0,87.652378,2252659786.0,3232235778.0,0.1,1514.0,1
3123.0,87.658445,2252659786.0,3232235778.0,0.1,1514.0,1
3124.0,87.664349,2252659786.0,3232235778.0,0.1,1514.0,1
3125.0,87.670489,2252659786.0,3232235778.0,0.1,1514.0,1
3126.0,87.673864,2252659786.0,3232235778.0,0.1,893.0,0
3127.0,91.07019,3232235778.0,2252659786.0,0.1,1514.0,1
3128.0,91.070216,3232235778.0,2252659786.0,0.1,654.0,1
3129.0,91.507275,2252659786.0,3232235778.0,0.1,70.0,1
3130.0,91.515612,2252659786.0,3232235778.0,0.1,1514.0,1
3131.0,91.523467,2252659786.0,3232235778.0,0.1,1514.0,1
3132.0,91.817418,2252659786.0,3232235778.0,0.1,1514.0,1
3133.0,91.825626,2252659786.0,3232235778.0,0.1,1514.0,1
3134.0,91.831541,2252659786.0,3232235778.0,0.1,1514.0,1
3135.0,91.840199,2252659786.0,3232235778.0,0.1,1514.0,1
3136.0,91.852137,2252659786.0,3232235778.0,0.1,1514.0,1
3137.0,91.863474,2252659786.0,3232235778.0,0.1,1514.0,1
3138.0,91.94849,2252659786.0,3232235778.0,0.1,1514.0,1
3139.0,91.955135,2252659786.0,3232235778.0,0.1,1514.0,1
3140.0,91.96154,2252659786.0,3232235778.0,0.1,1514.0,1
3141.0,91.967494,2252659786.0,3232235778.0,0.1,1514.0,1
3142.0,91.974108,2252659786.0,3232235778.0,0.1,1514.0,1
3143.0,91.981012,2252659786.0,3232235778.0,0.1,1514.0,1
3144.0,91.986916,2252659786.0,3232235778.0,0.1,1514.0,1
3145.0,91.994546,2252659786.0,3232235778.0,0.1,1514.0,1
3146.0,92.019464,2252659786.0,3232235778.0,0.1,1514.0,1
3147.0,92.025587,2252659786.0,11.13831379453647,0.1,1514.0,0
3148.0,92.031517,2252659786.0,3232235778.0,0.1,1514.0,1
3149.0,92.037473,2252659786.0,3232235778.0,0.1,1514.0,1
3150.0,92.138469,2252659786.0,3232235778.0,0.1,1514.0,1
3151.0,92.144579,2252659786.0,3232235778.0,2.9896925785075306,11.226086044415819,0
3152.0,92.150532,2252659786.0,3232235778.0,0.1,1514.0,1
3153.0,92.160128,2252659786.0,3232235778.0,0.1,1514.0,1
3154.0,92.169006,2252659786.0,3232235778.0,0.1,1514.0,1
3155.0,92.179593,2252659786.0,3232235778.0,0.1,1514.0,1
3156.0,92.222522,2252659786.0,3232235778.0,0.1,1514.0,1
3157.0,92.231567,2252659786.0,3232235778.0,0.1,1514.0,1
3158.0,92.237527,2252659786.0,3232235778.0,0.1,1514.0,1
3159.0,92.244156,2252659786.0,3232235778.0,0.1,1514.0,1
3160.0,92.250061,2252659786.0,3232235778.0,0.1,1514.0,1
3161.0,92.257469,2252659786.0,3232235778.0,0.1,1514.0,1
3162.0,92.263609,2252659786.0,3232235778.0,0.1,1514.0,1
3163.0,92.270992,2252659786.0,3232235778.0,0.1,1514.0,1
3164.0,92.306482,2252659786.0,3232235778.0,0.1,1514.0,1
3165.0,92.313121,2252659786.0,3232235778.0,0.1,1514.0,1
3166.0,92.319043,2252659786.0,3232235778.0,0.1,1514.0,1
3167.0,92.324946,2252659786.0,3232235778.0,0.1,1514.0,1
3168.0,92.358013,2252659786.0,3232235778.0,0.1,1514.0,1
3169.0,92.364133,2252659786.0,3232235778.0,0.1,1514.0,1
3170.0,92.370037,2252659786.0,3232235778.0,0.1,1514.0,1
3171.0,92.419584,2252659786.0,3232235778.0,0.1,1514.0,1
3172.0,92.425471,2252659786.0,3232235778.0,0.1,1514.0,1
3173.0,92.431676,2252659786.0,3232235778.0,0.1,1514.0,1
3174.0,92.437562,2252659786.0,3232235778.0,0.1,1514.0,1
3175.0,92.443465,2252659786.0,3232235778.0,0.1,1514.0,1
3176.0,92.45012,2252659786.0,3232235778.0,0.1,1514.0,1
3177.0,92.489052,2252659786.0,3232235778.0,0.1,1514.0,1
3178.0,92.49494,2252659786.0,3232235778.0,0.1,1514.0,1
3179.0,92.50114,2252659786.0,3232235778.0,0.1,1514.0,1
3180.0,92.549647,2252659786.0,3232235778.0,0.1,1514.0,1
3181.0,92.555573,2252659786.0,3232235778.0,0.1,1514.0,1
7.9889943782849056,92.561487,2252659786.0,3232235778.0,0.2223128897280291,1514.0,0
3183.0,92.56767,2252659786.0,3232235778.0,0.1,1514.0,1
3184.0,92.573544,2252659786.0,3232235778.0,0.1,1514.0,1
3185.0,92.579481,2252659786.0,3232235778.0,0.1,1514.0,1
3186.0,92.585621,2252659786.0,3232235778.0,0.1,1514.0,1
3187.0,92.591544,2252659786.0,3232235778.0,0.1,1514.0,1
3188.0,92.597483,2252659786.0,3232235778.0,0.1,1514.0,1
3189.0,92.603622,2252659786.0,3232235778.0,0.1,1514.0,1
3190.0,92.609039,2252659786.0,3232235778.0,0.1,1514.0,1
3191.0,92.614955,2252659786.0,3232235778.0,0.1,1514.0,1
3192.0,92.621107,2252659786.0,3232235778.0,0.1,1514.0,1
3193.0,92.627026,2252659786.0,3232235778.0,0.1,1514.0,1
3194.0,92.632943,2252659786.0,3232235778.0,0.1,1514.0,1
3195.0,92.644997,2252659786.0,3232235778.0,0.1,1514.0,1
3196.0,92.651173,2252659786.0,3232235778.0,0.1,1514.0,1
3197.0,92.657062,2252659786.0,3232235778.0,0.1,1514.0,1
3198.0,92.662989,2252659786.0,3232235778.0,0.1,1514.0,1
3199.0,92.669141,2252659786.0,3232235778.0,0.1,1514.0,1
3200.0,92.674581,2252659786.0,3232235778.0,0.1,1514.0,1
3201.0,92.683314,2252659786.0,3232235778.0,0.1,502.0,1
3202.0,96.12095,3232235778.0,2252659786.0,0.1,1270.0,1
3203.0,96.283856,2252659786.0,3232235778.0,0.1,70.0,1
3204.0,96.290269,2252659786.0,3232235778.0,0.1,1514.0,1
3205.0,96.296165,2252659786.0,3232235778.0,0.1,1514.0,1
3206.0,96.493764,2252659786.0,3232235778.0,0.1,1514.0,1
3207.0,96.499721,2252659786.0,3232235778.0,0.1,1514.0,1
3208.0,96.505603,2252659786.0,3232235778.0,0.1,1514.0,1
3209.0,96.511828,2252659786.0,3232235778.0,0.1,1514.0,1
3210.0,96.518194,2252659786.0,3232235778.0,0.1,1514.0,1
3211.0,96.525558,2252659786.0,3232235778.0,0.1,1514.0,1
3212.0,96.700248,2252659786.0,3232235778.0,0.1,1514.0,1
3213.0,96.706159,2252659786.0,3232235778.0,0.1,1514.0,1
3214.0,96.712072,2252659786.0,3232235778.0,0.1,1514.0,1
9.1404391781208,96.718739,2252659786.0,3232235778.0,0.1,1514.0,0
3216.0,96.725625,2252659786.0,3232235778.0,0.1,1514.0,1
3217.0,96.731783,2252659786.0,3232235778.0,0.1,1514.0,1
3218.0,96.737737,2252659786.0,3232235778.0,0.1,1514.0,1
3219.0,96.743112,2252659786.0,3232235778.0,0.1,1514.0,1
3220.0,4.810928254466656,2252659786.0,3232235778.0,10.13046922603606,1514.0,0
3221.0,96.755192,2252659786.0,3232235778.0,0.1,1514.0,1
3222.0,96.804229,2252659786.0,3232235778.0,0.1,1514.0,1
3223.0,96.810131,2252659786.0,3232235778.0,0.1,1514.0,1
3224.0,96.879115,2252659786.0,3232235778.0,0.1,1514.0,1
3225.0,96.885848,2252659786.0,3232235778.0,0.1,1514.0,1
3226.0,96.891671,2252659786.0,3232235778.0,0.1,1514.0,1
3227.0,96.897613,2252659786.0,3232235778.0,0.1,1514.0,1
3228.0,96.930679,2252659786.0,3232235778.0,0.1,1514.0,1
3229.0,96.937263,2252659786.0,3232235778.0,0.1,1514.0,1
3230.0,96.970791,2252659786.0,3232235778.0,0.1,1514.0,1
3231.0,96.976693,2252659786.0,3232235778.0,0.1,1514.0,1
3232.0,96.983093,2252659786.0,3232235778.0,0.1,1514.0,1
3233.0,96.992717,2252659786.0,3232235778.0,0.1,1514.0,1
3234.0,97.016127,2252659786.0,3232235778.0,0.1,1514.0,1
3235.0,97.026204,2252659786.0,3232235778.0,0.1,1514.0,1
3236.0,97.033596,2252659786.0,3232235778.0,0.1,1514.0,1
3237.0,97.042224,2252659786.0,3232235778.0,0.1,1514.0,1
3238.0,97.053066,2252659786.0,3232235778.0,0.1,1514.0,1
3239.0,97.059238,2252659786.0,3232235778.0,0.1,1514.0,1
3240.0,97.065139,2252659786.0,3232235778.0,0.1,1514.0,1
3241.0,97.072282,2252659786.0,3232235778.0,0.1,1514.0,1
3242.0,97.078188,2252659786.0,3232235778.0,0.1,1514.0,1
3243.0,97.089797,2252659786.0,3232235778.0,0.1,1514.0,1
3244.0,97.095689,2252659786.0,3232235778.0,0.1,1514.0,1
3245.0,97.10162,2252659786.0,3232235778.0,0.1,1514.0,1
3246.0,97.107785,2252659786.0,3232235778.0,0.1,1514.0,1
3247.0,97.113671,2252659786.0,3232235778.0,0.1,1514.0,1
3248.0,97.119603,0.10260026422270174,3232235778.0,0.1,1514.0,0
3249.0,97.125737,2252659786.0,3232235778.0,0.1,1514.0,1
3250.0,97.131656,2252659786.0,3232235778.0,0.1,1514.0,1
3251.0,97.138547,2252659786.0,3232235778.0,0.1,1514.0,1
3252.0,97.147714,2252659786.0,3232235778.0,0.1,1514.0,1
3253.0,97.15398,2252659786.0,3232235778.0,0.1,1514.0,1
3254.0,97.15979,2252659786.0,3232235778.0,0.1,1514.0,1
3255.0,97.20608,2252659786.0,3232235778.0,0.1,1514.0,1
3256.0,97.212234,2252659786.0,3232235778.0,0.1,1514.0,1
3257.0,97.218149,2252659786.0,3232235778.0,0.1,1514.0,1
3258.0,97.224308,2252659786.0,3232235778.0,0.1,1514.0,1
3259.0,97.230226,2252659786.0,3232235778.0,0.1,1514.0,1
3260.0,97.236126,2252659786.0,3232235778.0,0.1,1514.0,1
3261.0,97.242312,11.978636049957013,3232235778.0,0.1,8.991854560981416,0
3262.0,97.248194,2252659786.0,3232235778.0,0.1,1514.0,1
3263.0,97.254854,2252659786.0,3232235778.0,0.1,1514.0,1
3264.0,97.262256,2252659786.0,3232235778.0,0.1,1514.0,1
3265.0,97.269632,2252659786.0,3232235778.0,0.1,1514.0,1
3266.0,97.278261,2252659786.0,3232235778.0,0.1,1514.0,1
3267.0,97.28417,2252659786.0,3232235778.0,0.1,1514.0,1
3268.0,97.290076,2252659786.0,3232235778.0,0.1,1514.0,1
3269.0,97.296262,2252659786.0,3232235778.0,0.1,1514.0,1
3270.0,97.30217,2252659786.0,3232235778.0,0.1,1514.0,1
3271.0,97.308056,2252659786.0,3232235778.0,0.1,1514.0,1
3272.0,97.313754,2252659786.0,3232235778.0,0.1,1514.0,1
3273.0,97.319666,2252659786.0,3232235778.0,0.1,1514.0,1
3274.0,97.325567,2252659786.0,3232235778.0,0.1,1514.0,1
3275.0,97.338452,2252659786.0,3232235778.0,0.1,1514.0,1
3276.0,97.344287,2252659786.0,3232235778.0,0.1,1514.0,1
3277.0,97.35022,2252659786.0,3232235778.0,0.1,1514.0,1
3278.0,97.355625,2252659786.0,3232235778.0,0.1,1514.0,1
3279.0,97.361828,2252659786.0,3232235778.0,0.1,1514.0,1
3280.0,97.367721,2252659786.0,3232235778.0,0.1,1514.0,1
3281.0,97.373625,2252659786.0,3232235778.0,0.1,1514.0,1
3282.0,97.38373,2252659786.0,3232235778.0,0.1,1514.0,1
3283.0,97.389636,2252659786.0,3232235778.0,0.1,1514.0,1
3284.0,97.395802,2252659786.0,3232235778.0,0.1,1514.0,1
3285.0,97.40172,2252659786.0,3232235778.0,0.1,1514.0,1
3286.0,97.407635,2252659786.0,3232235778.0,0.1,1514.0,1
3287.0,97.413777,2252659786.0,3232235778.0,0.1,1514.0,1
3288.0,97.419675,2252659786.0,3232235778.0,0.1,1514.0,1
3289.0,97.425605,2252659786.0,3232235778.0,0.1,1514.0,1
3290.0,97.431753,2252659786.0,3232235778.0,0.1,1514.0,1
3291.0,97.437713,2252659786.0,3232235778.0,0.1,1514.0,1
3292.0,97.443579,2252659786.0,3232235778.0,0.1,1514.0,1
3293.0,97.449272,2252659786.0,3232235778.0,0.1,1514.0,1
3294.0,97.463317,2252659786.0,3232235778.0,0.1,1514.0,1
3295.0,97.469212,2252659786.0,3232235778.0,0.1,1514.0,1
3296.0,97.475122,2252659786.0,3232235778.0,0.1,1514.0,1
3297.0,97.481331,2252659786.0,3232235778.0,0.1,1514.0,1
3298.0,97.487748,2252659786.0,3232235778.0,0.1,1514.0,1
3299.0,97.493605,2252659786.0,3232235778.0,0.1,1514.0,1
3300.0,97.499798,2252659786.0,3232235778.0,0.1,1514.0,1
3301.0,97.518287,2252659786.0,3232235778.0,0.1,1514.0,1
3302.0,97.524141,2252659786.0,3232235778.0,0.1,1514.0,1
3303.0,97.530326,2252659786.0,3232235778.0,0.1,1514.0,1
3304.0,97.53622,2252659786.0,3232235778.0,0.1,1514.0,1
3305.0,97.542144,2252659786.0,3232235778.0,0.1,1514.0,1
3306.0,97.549278,2252659786.0,3232235778.0,0.1,1514.0,1
3307.0,97.555206,2252659786.0,3232235778.0,0.1,1514.0,1
3308.0,97.561111,2252659786.0,3232235778.0,0.1,1514.0,1
3309.0,97.567265,2252659786.0,3232235778.0,0.1,1514.0,1
3310.0,3.5206288759332445,2252659786.0,3232235778.0,0.5521868918200363,1514.0,0
3311.0,97.590181,2252659786.0,3232235778.0,0.1,1514.0,1
3312.0,97.595607,2252659786.0,3232235778.0,0.1,1514.0,1
3313.0,97.601779,2252659786.0,3232235778.0,0.1,1514.0,1
3314.0,97.608164,2252659786.0,3232235778.0,0.1,1514.0,1
1.7393957435084024,97.615817,2252659786.0,1.4896478594842715,0.1,1514.0,0
3316.0,97.622921,2252659786.0,3232235778.0,0.1,1514.0,1
3317.0,97.62961,2252659786.0,3232235778.0,0.1,1514.0,1
3318.0,97.63776,2252659786.0,3232235778.0,0.1,1514.0,1
3319.0,97.645622,11.727022462210854,3232235778.0,0.1,1.083876963797405,0
3320.0,97.66632,2252659786.0,3232235778.0,0.1,1514.0,1
3321.0,11.994735737920301,2252659786.0,3232235778.0,0.1,0.1403959452729131,0
3322.0,97.678156,2252659786.0,3232235778.0,0.1,1514.0,1
3323.0,97.684827,2252659786.0,3232235778.0,0.1,1514.0,1
3324.0,97.690706,2252659786.0,3232235778.0,3.1378931001236845,6.180242211716713,0
3325.0,97.696623,2252659786.0,3232235778.0,0.1,1514.0,1
3326.0,97.702833,2252659786.0,3232235778.0,0.1,1514.0,1
3327.0,97.708689,2252659786.0,3232235778.0,0.1,1514.0,1
3328.0,97.714608,2252659786.0,3232235778.0,0.1,1514.0,1
3329.0,97.720778,2252659786.0,3232235778.0,0.1,1514.0,1
3330.0,97.726684,2252659786.0,3232235778.0,0.1,1514.0,1
3331.0,97.732619,2252659786.0,3232235778.0,0.1,1514.0,1
3332.0,97.741722,2252659786.0,3232235778.0,0.1,1514.0,1
3333.0,97.748602,2252659786.0,3232235778.0,0.1,1514.0,1
3334.0,97.754759,2252659786.0,3232235778.0,0.1,1514.0,1
3335.0,97.761207,2252659786.0,3232235778.0,0.1,1514.0,1
3336.0,97.767073,2252659786.0,3232235778.0,0.1,1514.0,1
3337.0,97.773264,2252659786.0,3232235778.0,0.1,1514.0,1
3338.0,97.77916,2252659786.0,3232235778.0,0.1,1514.0,1
3339.0,97.785332,2252659786.0,3232235778.0,0.1,1514.0,1
3340.0,97.791723,2252659786.0,3232235778.0,0.1,1514.0,1
3341.0,97.797681,2252659786.0,3232235778.0,0.1,1514.0,1
3342.0,97.80383,2252659786.0,3232235778.0,0.1,1514.0,1
3343.0,97.809716,2252659786.0,3232235778.0,0.1,1514.0,1
3344.0,97.815605,2252659786.0,1.5966954067468961,0.1,1514.0,0
3345.0,97.822799,2252659786.0,3232235778.0,0.1,1514.0,1
3346.0,97.828677,2252659786.0,3232235778.0,0.1,1514.0,1
3347.0,97.834588,2252659786.0,3232235778.0,0.1,1514.0,1
3348.0,97.840744,2252659786.0,3232235778.0,0.1,1514.0,1
3349.0,97.847712,2252659786.0,3232235778.0,0.1,1514.0,1
3350.0,97.892269,2252659786.0,3232235778.0,0.1,1514.0,1
3351.0,97.898172,2252659786.0,3232235778.0,0.1,1514.0,1
3352.0,97.904821,2252659786.0,3232235778.0,0.1,1514.0,1
3353.0,97.916691,2252659786.0,3232235778.0,0.1,1514.0,1
3354.0,97.922893,2252659786.0,3232235778.0,0.1,1514.0,1
3355.0,97.9288,2252659786.0,3232235778.0,0.1,1514.0,1
3356.0,97.934711,2252659786.0,3232235778.0,1.1044897075098694,6.631606026216629,0
3357.0,97.940863,2252659786.0,3232235778.0,0.1,1514.0,1
3358.0,97.953661,2252659786.0,3232235778.0,0.1,1514.0,1
3359.0,97.95406,2252659786.0,3232235778.0,0.1,1514.0,1
3360.0,97.959755,2252659786.0,3232235778.0,0.1,1514.0,1
3361.0,97.968124,2252659786.0,3232235778.0,0.1,1514.0,1
3362.0,4.280751831815786,2252659786.0,3232235778.0,0.1,1514.0,0
3363.0,97.981697,2252659786.0,3232235778.0,0.1,1514.0,1
3364.0,97.987635,2252659786.0,3232235778.0,0.1,1514.0,1
3365.0,97.995745,2252659786.0,3232235778.0,0.1,1514.0,1
3366.0,98.002143,2252659786.0,3232235778.0,0.1,1514.0,1
3367.0,98.008315,2252659786.0,3232235778.0,0.1,1514.0,1
3368.0,98.015686,2252659786.0,3232235778.0,0.1,1514.0,1
3369.0,98.023833,2252659786.0,3232235778.0,0.1,1514.0,1
3370.0,98.03071,2252659786.0,3232235778.0,0.1,1514.0,1
3371.0,98.036644,2252659786.0,3232235778.0,0.1,1514.0,1
3372.0,98.044256,2252659786.0,3232235778.0,0.1,1514.0,1
3373.0,98.050193,2252659786.0,3232235778.0,0.1,1514.0,1
3374.0,98.056109,2252659786.0,3232235778.0,0.1,1514.0,1
3375.0,98.062261,2252659786.0,3232235778.0,0.1,1514.0,1
3376.0,98.06817,2252659786.0,3232235778.0,0.1,1514.0,1
3377.0,98.078266,2252659786.0,3232235778.0,0.1,1514.0,1
3378.0,98.088622,2252659786.0,3232235778.0,0.1,1498.0,1
3379.0,101.033456,3232235778.0,2252659786.0,0.1,436.0,1
3380.0,101.284993,2252659786.0,3232235778.0,0.1,70.0,1
3381.0,101.291866,2252659786.0,3232235778.0,0.1,1514.0,1
3382.0,101.297817,2252659786.0,3232235778.0,0.1,1514.0,1
3383.0,101.515809,2252659786.0,3232235778.0,0.1,1514.0,1
3384.0,101.521739,2252659786.0,3232235778.0,0.1,1514.0,1
3385.0,101.527418,2252659786.0,3232235778.0,0.1,1514.0,1
3386.0,101.533818,2252659786.0,3232235778.0,0.1,1514.0,1
3387.0,101.539732,2252659786.0,3232235778.0,0.1,1514.0,1
3388.0,101.545904,2252659786.0,3232235778.0,0.1,1514.0,1
3389.0,101.646412,2252659786.0,3232235778.0,0.1,1514.0,1
3390.0,101.652345,2252659786.0,3232235778.0,0.1,1514.0,1
3391.0,101.658237,2252659786.0,3232235778.0,0.1,1514.0,1
3392.0,101.664411,2252659786.0,3232235778.0,0.1,1514.0,1
3393.0,101.673759,2252659786.0,3232235778.0,0.1,1514.0,1
3394.0,101.682896,2252659786.0,3232235778.0,0.1,1514.0,1
3395.0,101.692243,2252659786.0,3232235778.0,0.1,1514.0,1
3396.0,101.701356,2252659786.0,3232235778.0,0.1,1514.0,1
3397.0,101.709232,2252659786.0,3232235778.0,0.1,1514.0,1
3398.0,101.720331,2252659786.0,3232235778.0,0.1,1514.0,1
3399.0,101.729917,2252659786.0,3232235778.0,0.1,1514.0,1
3400.0,101.737838,2252659786.0,3232235778.0,0.1,1514.0,1
3401.0,101.778235,2252659786.0,3232235778.0,0.1,1514.0,1
3402.0,101.785858,3.0981976257202817,3232235778.0,5.215885951743224,1514.0,0
3403.0,101.793735,2252659786.0,3232235778.0,0.1,1514.0,1
3404.0,101.801393,2252659786.0,3232235778.0,0.1,1514.0,1
3405.0,101.809269,2252659786.0,3232235778.0,0.1,1514.0,1
3406.0,101.81639,2252659786.0,3232235778.0,0.1,1444.0,1
3407.0,106.098544,3232235778.0,2252659786.0,0.1,838.0,1
3408.0,106.247678,2252659786.0,3232235778.0,0.1,70.0,1
3409.0,106.254065,2252659786.0,3232235778.0,0.1,1514.0,1
3410.0,106.260081,2252659786.0,3232235778.0,0.1,1514.0,1
3411.0,106.379951,2252659786.0,3232235778.0,0.1,1514.0,1
3412.0,106.38635,2252659786.0,3232235778.0,0.1,1514.0,1
3413.0,106.392505,2252659786.0,3232235778.0,0.1,1514.0,1
3414.0,106.400929,2252659786.0,3232235778.0,0.1,1514.0,1
3415.0,106.408547,2252659786.0,3232235778.0,0.1,1514.0,1
3416.0,106.414446,2252659786.0,3232235778.0,0.1,1514.0,1
3417.0,106.511043,2252659786.0,3232235778.0,0.1,1514.0,1
3418.0,106.517025,2252659786.0,3232235778.0,0.1,1514.0,1
3419.0,106.522887,2252659786.0,3232235778.0,0.1,1514.0,1
3420.0,106.528999,2252659786.0,3232235778.0,0.1,1514.0,1
3421.0,106.547456,2252659786.0,3232235778.0,0.1,1514.0,1
3422.0,106.552952,2252659786.0,3232235778.0,0.1,1514.0,1
3423.0,106.564977,2252659786.0,3232235778.0,0.1,1514.0,1
3424.0,106.570902,2252659786.0,3232235778.0,0.1,1514.0,1
3425.0,106.577027,2252659786.0,3232235778.0,0.1,1514.0,1
3426.0,106.583036,2252659786.0,3232235778.0,0.1,1514.0,1
3427.0,106.588931,2252659786.0,3232235778.0,0.1,1514.0,1
3428.0,106.59553,2252659786.0,3232235778.0,0.1,1514.0,1
3429.0,106.697098,2252659786.0,3232235778.0,0.1,1514.0,1
3430.0,106.70307,2252659786.0,3232235778.0,0.1,1514.0,1
3431.0,106.708865,2252659786.0,3232235778.0,0.1,1514.0,1
3432.0,106.715017,2.8658693809511444,5.175279712054095,0.1,1514.0,0
3433.0,106.720947,2252659786.0,3232235778.0,0.1,1514.0,1
3434.0,106.726844,2252659786.0,6.104082837253664,2.341587030011793,1514.0,0
3435.0,106.738938,2252659786.0,3232235778.0,0.1,1514.0,1
3436.0,106.74507,2252659786.0,3232235778.0,0.1,1514.0,1
3437.0,106.753481,2252659786.0,3232235778.0,0.1,1514.0,1
3438.0,106.763086,2252659786.0,3232235778.0,0.1,1514.0,1
3439.0,106.771441,2252659786.0,3232235778.0,0.1,1514.0,1
3440.0,106.779092,2252659786.0,3232235778.0,0.1,1514.0,1
3441.0,106.786959,6.87127997810421,3232235778.0,0.1,11.7823346720539,0
3442.0,106.794351,2252659786.0,3232235778.0,0.1,1514.0,1
3443.0,106.805949,2252659786.0,3232235778.0,0.1,1514.0,1
3444.0,106.816528,2252659786.0,3232235778.0,0.1,1514.0,1
3445.0,106.823427,2252659786.0,3232235778.0,0.1,1514.0,1
3446.0,106.830584,2252659786.0,3232235778.0,0.1,1514.0,1
3447.0,106.836519,2252659786.0,3232235778.0,0.1,1514.0,1
3448.0,106.842408,2252659786.0,3232235778.0,0.1,1514.0,1
3449.0,106.873932,2252659786.0,3232235778.0,0.1,1514.0,1
3450.0,106.881164,2252659786.0,3232235778.0,0.1,1514.0,1
3451.0,106.887616,2252659786.0,3232235778.0,0.1,1514.0,1
3452.0,106.895379,2252659786.0,3232235778.0,0.1,1514.0,1
3453.0,106.902532,2252659786.0,3232235778.0,0.1,1514.0,1
3454.0,106.908431,2252659786.0,3232235778.0,0.1,1514.0,1
3455.0,106.921079,2252659786.0,3232235778.0,0.1,1514.0,1
3456.0,106.927007,2252659786.0,3232235778.0,0.1,1514.0,1
3457.0,106.933109,2252659786.0,3232235778.0,0.1,1514.0,1
3458.0,106.938981,2252659786.0,3232235778.0,0.1,1514.0,1
3459.0,106.944923,2252659786.0,3232235778.0,0.1,1514.0,1
3460.0,106.951577,2252659786.0,3232235778.0,0.1,1514.0,1
3461.0,106.957999,2252659786.0,3232235778.0,0.1,1514.0,1
3462.0,106.962981,2252659786.0,11.960598330710258,0.1,8.70878696537827,0
3463.0,106.969049,2252659786.0,3232235778.0,0.1,1514.0,1
8.321167331705478,106.974963,2252659786.0,3232235778.0,0.1,2.174609911122363,0
3465.0,106.980887,2252659786.0,3232235778.0,0.1,1514.0,1
3466.0,106.987705,2252659786.0,3232235778.0,0.1,1514.0,1
3467.0,106.993039,2252659786.0,3232235778.0,0.1,1514.0,1
3468.0,106.998872,2252659786.0,3232235778.0,0.1,1514.0,1
3469.0,107.011491,2252659786.0,3232235778.0,0.1,1514.0,1
3470.0,107.017629,2252659786.0,3232235778.0,0.1,1514.0,1
3471.0,107.023506,2252659786.0,3232235778.0,0.1,1514.0,1
3472.0,107.030471,2252659786.0,3232235778.0,0.1,1514.0,1
3473.0,107.036563,2252659786.0,3232235778.0,0.1,1514.0,1
3474.0,107.042507,2252659786.0,3232235778.0,0.1,1514.0,1
3475.0,107.052864,2252659786.0,3232235778.0,0.1,1514.0,1
3476.0,107.055086,2252659786.0,3232235778.0,0.1,1514.0,1
3477.0,107.061062,2252659786.0,3232235778.0,0.1,1514.0,1
3478.0,107.067719,2252659786.0,3232235778.0,0.1,1514.0,1
3479.0,107.073599,2252659786.0,3232235778.0,0.1,1514.0,1
3480.0,107.079549,2252659786.0,3232235778.0,0.1,1514.0,1
3481.0,107.086182,2252659786.0,10.027106290649318,8.572589669505744,1514.0,0
3482.0,107.092095,2252659786.0,3232235778.0,0.1,1514.0,1
3483.0,107.097938,2252659786.0,3232235778.0,0.1,1514.0,1
3484.0,107.105542,2252659786.0,3232235778.0,0.1,7.880714153221616,0
3485.0,107.111452,2252659786.0,3232235778.0,0.1,1514.0,1
3486.0,107.119096,2252659786.0,3232235778.0,0.1,1514.0,1
3487.0,107.126493,2252659786.0,3232235778.0,0.1,1514.0,1
3488.0,107.132402,2252659786.0,3232235778.0,0.1,1514.0,1
3489.0,107.138551,2252659786.0,3232235778.0,0.1,1514.0,1
3490.0,107.144456,2252659786.0,3232235778.0,0.1,1514.0,1
3491.0,107.147912,2252659786.0,3232235778.0,0.1,938.0,1
3492.0,109.632476,3232235778.0,2252659786.0,0.1,1514.0,1
5.609699190547595,109.632505,3232235778.0,2252659786.0,1.8470171975976224,1514.0,0
3494.0,109.632525,3232235778.0,2252659786.0,0.1,1262.0,1
3495.0,109.804471,2252659786.0,3232235778.0,0.1,70.0,1
3496.0,109.813094,2252659786.0,3232235778.0,0.1,1514.0,1
3497.0,109.82168,2252659786.0,3232235778.0,0.1,1514.0,1
3498.0,109.935524,2252659786.0,3232235778.0,0.1,1514.0,1
3499.0,109.944127,2252659786.0,3232235778.0,0.1,1514.0,1
3500.0,109.954484,2252659786.0,3232235778.0,0.1,1514.0,1
3501.0,109.961646,2252659786.0,3232235778.0,7.502946553926903,1514.0,0
3502.0,109.976244,2252659786.0,3232235778.0,0.1,1514.0,1
3503.0,109.982578,2252659786.0,3232235778.0,9.368772108763979,9.014499462030823,0
3504.0,110.069034,2252659786.0,3232235778.0,0.1,1514.0,1
3505.0,110.07501,2252659786.0,3232235778.0,0.1,1514.0,1
3506.0,110.083669,2252659786.0,3232235778.0,0.1,1514.0,1
3507.0,110.090106,2252659786.0,3232235778.0,0.1,1514.0,1
3508.0,110.151646,2252659786.0,3232235778.0,0.1,1514.0,1
3509.0,110.157543,2252659786.0,3232235778.0,0.1,1514.0,1
3510.0,110.163686,2252659786.0,3232235778.0,0.1,1514.0,1
3511.0,110.169592,2252659786.0,3232235778.0,0.1,1514.0,1
3512.0,110.176966,2252659786.0,3232235778.0,0.1,1514.0,1
3513.0,110.183618,2252659786.0,3232235778.0,0.1,1514.0,1
3514.0,110.189525,2252659786.0,3232235778.0,0.1,1514.0,1
3515.0,110.196677,2252659786.0,3232235778.0,0.1,1514.0,1
3516.0,110.216157,2252659786.0,3232235778.0,0.1,1514.0,1
3517.0,110.231195,2252659786.0,3232235778.0,0.1,1514.0,1
3518.0,110.24103,2252659786.0,3232235778.0,0.1,1514.0,1
3519.0,110.252133,2252659786.0,3232235778.0,0.1,1514.0,1
3520.0,110.261466,2252659786.0,3232235778.0,0.1,1514.0,1
3521.0,110.270104,2252659786.0,3232235778.0,0.1,1514.0,1
3522.0,110.276488,2252659786.0,3232235778.0,0.1,1514.0,1
3523.0,110.282698,2252659786.0,3232235778.0,0.1,1514.0,1
3524.0,110.288586,2252659786.0,3232235778.0,0.1,1514.0,1
3525.0,110.294566,2252659786.0,3232235778.0,0.1,1514.0,1
3526.0,110.300712,2252659786.0,3232235778.0,0.1,1514.0,1
3527.0,110.306575,2252659786.0,3232235778.0,0.1,1514.0,1
3528.0,110.312473,2252659786.0,3232235778.0,0.1,1514.0,1
3529.0,110.318627,2252659786.0,3232235778.0,0.1,1514.0,1
3530.0,110.343524,2252659786.0,3232235778.0,0.1,1514.0,1
3531.0,110.349663,2252659786.0,3232235778.0,0.1,1514.0,1
3532.0,110.355126,2252659786.0,3232235778.0,0.1,1514.0,1
3533.0,110.361524,2252659786.0,3232235778.0,0.1,1514.0,1
3534.0,110.367711,2252659786.0,3232235778.0,0.1,1514.0,1
3535.0,110.3736,2252659786.0,3232235778.0,0.1,1514.0,1
3536.0,110.379489,2252659786.0,3232235778.0,0.1,1514.0,1
3537.0,110.385672,2252659786.0,3232235778.0,0.1,1514.0,1
2.7656898602387225,110.392054,1.7156681014493986,3232235778.0,0.1,1514.0,0
3539.0,110.442107,2252659786.0,3232235778.0,0.1,1514.0,1
3540.0,110.448033,2252659786.0,3232235778.0,0.1,1514.0,1
3541.0,110.454171,2252659786.0,3232235778.0,0.1,1514.0,1
3542.0,110.460073,2252659786.0,3232235778.0,0.1,1514.0,1
3543.0,110.466002,2252659786.0,3232235778.0,0.1,1514.0,1
3544.0,110.472145,2252659786.0,3232235778.0,0.1,1514.0,1
3545.0,110.480522,2252659786.0,3232235778.0,0.1,1514.0,1
3546.0,110.486693,2252659786.0,3232235778.0,0.1,1514.0,1
3547.0,110.492598,2252659786.0,3232235778.0,0.1,1514.0,1
3548.0,110.498502,2252659786.0,3232235778.0,0.1,1514.0,1
3549.0,110.504674,2252659786.0,3232235778.0,0.1,1514.0,1
3550.0,110.510568,2252659786.0,3232235778.0,0.1,1514.0,1
3551.0,110.517074,2252659786.0,3232235778.0,0.1,1514.0,1
3552.0,110.523285,2252659786.0,3232235778.0,0.1,1514.0,1
3553.0,110.601005,2252659786.0,3232235778.0,0.1,1514.0,1
3554.0,110.607182,2252659786.0,3232235778.0,0.1,1514.0,1
3555.0,110.613186,2252659786.0,3232235778.0,0.1,1514.0,1
3556.0,110.620696,2252659786.0,3232235778.0,0.1,1514.0,1
3557.0,110.626628,2252659786.0,3232235778.0,0.1,1514.0,1
3558.0,110.632527,2252659786.0,3232235778.0,0.1,1514.0,1
3559.0,110.638707,2252659786.0,3232235778.0,0.1,1514.0,1
3560.0,110.644633,2252659786.0,3232235778.0,0.1,1514.0,1
3561.0,110.650504,2252659786.0,3232235778.0,0.1,1514.0,1
3562.0,110.656216,2252659786.0,3232235778.0,0.1,1514.0,1
3563.0,110.662157,2252659786.0,3232235778.0,0.1,1514.0,1
3564.0,110.695136,2252659786.0,3232235778.0,0.1,1514.0,1
3565.0,110.702016,2252659786.0,3232235778.0,0.1,1514.0,1
3566.0,110.71016,2252659786.0,3232235778.0,0.1,1514.0,1
3567.0,110.716062,2252659786.0,3232235778.0,0.1,1514.0,1
3568.0,110.721969,2252659786.0,3232235778.0,0.1,1514.0,1
3569.0,110.728136,2252659786.0,3232235778.0,0.1,1514.0,1
3570.0,110.734041,2252659786.0,3232235778.0,0.1,1514.0,1
3571.0,110.740207,2252659786.0,3232235778.0,0.1,1514.0,1
3572.0,110.746122,4.713730891894369,3232235778.0,9.827456898487075,1514.0,0
3573.0,110.752015,2252659786.0,3232235778.0,0.1,1514.0,1
3574.0,110.758198,2252659786.0,3232235778.0,0.1,1514.0,1
3575.0,110.763633,2252659786.0,3232235778.0,0.1,1514.0,1
3576.0,110.769521,2252659786.0,3232235778.0,0.1,1514.0,1
3577.0,110.775695,2252659786.0,3232235778.0,0.1,1514.0,1
3578.0,110.781597,2252659786.0,3232235778.0,0.1,1514.0,1
3579.0,110.78756,2252659786.0,3232235778.0,0.1,1514.0,1
3580.0,110.794304,9.173216953020983,3232235778.0,0.1,3.5210227423267417,0
3581.0,110.806014,2252659786.0,3232235778.0,0.1,1514.0,1
3582.0,110.81214,2252659786.0,3232235778.0,0.1,1514.0,1
3583.0,110.818106,2252659786.0,3232235778.0,0.1,1514.0,1
3584.0,110.982714,2252659786.0,3232235778.0,0.1,1514.0,1
3585.0,110.988143,2252659786.0,3232235778.0,0.1,1514.0,1
3586.0,110.993996,2252659786.0,3232235778.0,0.1,1514.0,1
3587.0,111.013231,2252659786.0,3232235778.0,0.1,1514.0,1
3588.0,111.019125,2252659786.0,3232235778.0,0.1,1514.0,1
3589.0,111.025043,2252659786.0,3232235778.0,0.1,1514.0,1
3590.0,111.031678,2252659786.0,3232235778.0,0.1,1514.0,1
3591.0,111.037593,2252659786.0,3232235778.0,0.1,1514.0,1
3592.0,111.049676,2252659786.0,3232235778.0,0.1,1514.0,1
3593.0,111.050077,2252659786.0,3232235778.0,0.1,1514.0,1
3594.0,111.055581,2252659786.0,3232235778.0,0.1,1514.0,1
3595.0,111.061473,2252659786.0,3232235778.0,0.1,1514.0,1
3596.0,111.068645,2252659786.0,3232235778.0,0.1,1514.0,1
3597.0,111.075022,2252659786.0,3232235778.0,0.1,1514.0,1
3598.0,111.081225,2252659786.0,3232235778.0,0.1,1514.0,1
3599.0,111.10165,2252659786.0,3232235778.0,0.1,1514.0,1
3600.0,111.107574,2252659786.0,3232235778.0,0.1,1514.0,1
3601.0,111.113725,2252659786.0,3232235778.0,0.1,1514.0,1
3602.0,111.119658,2252659786.0,3232235778.0,0.1,1514.0,1
3603.0,111.125547,2252659786.0,3232235778.0,0.1,1514.0,1
3604.0,111.131729,2252659786.0,3232235778.0,0.1,1514.0,1
3605.0,111.13775,2252659786.0,3232235778.0,0.1,1514.0,1
3606.0,111.143623,2252659786.0,3232235778.0,0.1,1514.0,1
3607.0,111.149756,2252659786.0,3232235778.0,0.1,1514.0,1
3608.0,111.155711,2252659786.0,3232235778.0,0.1,1514.0,1
3609.0,111.162006,2252659786.0,3232235778.0,0.1,1514.0,1
3610.0,111.168171,2252659786.0,3232235778.0,0.1,1514.0,1
3611.0,111.174078,2252659786.0,3232235778.0,0.1,1514.0,1
3612.0,111.179999,2252659786.0,3232235778.0,0.1,1514.0,1
3613.0,111.186167,2252659786.0,3232235778.0,0.1,1514.0,1
3614.0,111.192064,2252659786.0,3232235778.0,0.1,1514.0,1
3615.0,111.197995,2252659786.0,3232235778.0,0.1,1514.0,1
3616.0,111.204155,2252659786.0,3232235778.0,0.1,1514.0,1
3617.0,111.21005,2252659786.0,3232235778.0,0.1,1514.0,1
3618.0,111.216219,2252659786.0,3232235778.0,0.1,1514.0,1
3619.0,111.222132,2252659786.0,3232235778.0,0.1,1514.0,1
3620.0,111.228103,2252659786.0,3232235778.0,0.1,1514.0,1
3621.0,111.234215,2252659786.0,3232235778.0,0.1,1514.0,1
3622.0,111.240121,2252659786.0,3232235778.0,0.1,1514.0,1
3623.0,111.246036,2252659786.0,3232235778.0,0.1,1514.0,1
3624.0,111.254657,2252659786.0,3232235778.0,0.1,1514.0,1
3625.0,111.260557,2252659786.0,3232235778.0,0.1,1514.0,1
3626.0,111.266744,2252659786.0,3232235778.0,0.1,1514.0,1
3627.0,111.272665,2252659786.0,3232235778.0,0.1,1514.0,1
3628.0,111.278592,2252659786.0,3232235778.0,0.1,1514.0,1
3629.0,111.316508,2252659786.0,3232235778.0,0.1,1514.0,1
3630.0,111.322789,2252659786.0,3232235778.0,0.1,1514.0,1
3631.0,111.328609,2252659786.0,3232235778.0,0.1,1514.0,1
3632.0,111.33475,2252659786.0,3232235778.0,0.1,1514.0,1
3633.0,111.340636,2252659786.0,3232235778.0,0.1,1514.0,1
3634.0,111.346567,2252659786.0,3232235778.0,0.1,1514.0,1
3635.0,111.352737,2252659786.0,3232235778.0,0.1,1514.0,1
3636.0,111.358632,2252659786.0,3232235778.0,0.1,1514.0,1
3637.0,111.364546,2252659786.0,3232235778.0,0.1,1514.0,1
3638.0,111.370695,2252659786.0,3232235778.0,0.1,1514.0,1
3639.0,111.376607,2252659786.0,3232235778.0,0.1,1514.0,1
3640.0,111.382526,2252659786.0,3232235778.0,0.1,1514.0,1
3641.0,111.388681,2252659786.0,3232235778.0,0.1,1514.0,1
3642.0,111.394598,2252659786.0,3232235778.0,0.1,1514.0,1
3643.0,111.400503,2252659786.0,3232235778.0,0.1,1514.0,1
3644.0,111.406678,2252659786.0,3232235778.0,0.1,1514.0,1
3645.0,111.412097,2252659786.0,3232235778.0,0.1,1514.0,1
3646.0,111.418095,2252659786.0,3232235778.0,0.1,1514.0,1
3647.0,111.425157,2252659786.0,3232235778.0,0.1,1514.0,1
3648.0,111.433526,2252659786.0,3232235778.0,0.1,1514.0,1
3649.0,111.444126,2252659786.0,3232235778.0,0.1,1514.0,1
3650.0,111.452494,2252659786.0,3232235778.0,0.1,1514.0,1
3651.0,111.459629,2252659786.0,3232235778.0,0.1,1514.0,1
3652.0,111.468117,2252659786.0,3232235778.0,0.1,1514.0,1
3653.0,111.477115,2252659786.0,3232235778.0,0.1,1514.0,1
3654.0,111.48453,2252659786.0,3232235778.0,0.1,1514.0,1
3655.0,111.49269,2252659786.0,3232235778.0,0.1,1514.0,1
3656.0,111.49906,2252659786.0,3232235778.0,0.1,1514.0,1
3657.0,111.505232,2252659786.0,3232235778.0,0.1,1514.0,1
3658.0,111.511142,2252659786.0,3232235778.0,0.1,1514.0,1
3659.0,111.517063,2252659786.0,3232235778.0,0.1,1514.0,1
3660.0,111.523715,2252659786.0,3232235778.0,0.1,1514.0,1
3661.0,111.529699,2252659786.0,3232235778.0,0.1,1514.0,1
3662.0,111.537612,2252659786.0,3232235778.0,0.1,1514.0,1
3663.0,111.545706,2252659786.0,3232235778.0,0.1,1514.0,1
3664.0,111.55819,2252659786.0,3232235778.0,0.1,1514.0,1
3665.0,111.564114,2252659786.0,3232235778.0,0.1,1514.0,1
3666.0,111.571031,2252659786.0,3232235778.0,0.1,1514.0,1
3667.0,111.577167,2252659786.0,3232235778.0,0.1,1514.0,1
3668.0,111.583151,2252659786.0,3232235778.0,0.1,1514.0,1
3669.0,111.588987,2252659786.0,3232235778.0,0.1,1514.0,1
3670.0,111.595162,2252659786.0,3232235778.0,0.1,1514.0,1
3671.0,111.600588,2252659786.0,3232235778.0,0.1,1514.0,1
3672.0,111.602361,2252659786.0,3232235778.0,0.1,403.0,1
3673.0,114.105598,3232235778.0,2252659786.0,0.1,1514.0,1
3674.0,114.105624,3232235778.0,2252659786.0,0.1,134.0,1
3675.0,114.283072,2252659786.0,3232235778.0,0.1,70.0,1
3676.0,114.283629,2252659786.0,3232235778.0,0.1,1514.0,1
3677.0,114.289145,2252659786.0,3232235778.0,0.1,1514.0,1
3678.0,5.347449797586101,2252659786.0,3232235778.0,0.1,3.5483846258631906,0
3679.0,114.305638,2252659786.0,3232235778.0,0.1,1514.0,1
3680.0,114.313288,2252659786.0,3232235778.0,0.1,1514.0,1
3681.0,114.321648,2252659786.0,3232235778.0,0.1,1514.0,1
3682.0,114.416286,2252659786.0,3232235778.0,0.1,1514.0,1
3683.0,7.647237424315158,2252659786.0,0.8023778763598184,0.1,1514.0,0
3684.0,114.428188,2252659786.0,3232235778.0,0.1,1514.0,1
3685.0,114.434265,2252659786.0,3232235778.0,0.1,1514.0,1
3686.0,114.441636,2252659786.0,3232235778.0,0.1,1514.0,1
3687.0,114.447422,2252659786.0,3232235778.0,0.1,1514.0,1
3688.0,114.453305,2252659786.0,3232235778.0,0.1,1514.0,1
3689.0,114.459139,2252659786.0,3232235778.0,0.1,1514.0,1
3690.0,114.465311,2252659786.0,3232235778.0,0.1,1514.0,1
3691.0,114.471202,2252659786.0,3232235778.0,0.1,1514.0,1
3692.0,114.477111,2252659786.0,3232235778.0,0.1,1514.0,1
3693.0,114.483284,2252659786.0,3232235778.0,0.1,1514.0,1
3694.0,114.489183,2252659786.0,3232235778.0,0.1,1514.0,1
3695.0,114.495107,2252659786.0,3232235778.0,0.1,1514.0,1
3696.0,114.656771,2252659786.0,3232235778.0,0.1,1514.0,1
3697.0,114.665141,2252659786.0,3232235778.0,0.1,1514.0,1
3698.0,114.672777,2252659786.0,3232235778.0,0.1,1514.0,1
3699.0,114.68063,2252659786.0,3232235778.0,0.1,1514.0,1
3700.0,114.686815,2252659786.0,3232235778.0,0.1,1514.0,1
3701.0,114.695174,2252659786.0,3232235778.0,0.1,1514.0,1
3702.0,114.705266,2252659786.0,3232235778.0,0.1,1514.0,1
3703.0,114.71315,2252659786.0,3232235778.0,0.1,1514.0,1
3704.0,114.72285,2252659786.0,3232235778.0,0.1,1514.0,1
3705.0,114.730147,2252659786.0,3232235778.0,0.1,1514.0,1
3706.0,114.736334,2252659786.0,3232235778.0,0.1,1514.0,1
3707.0,114.741721,2252659786.0,3232235778.0,0.1,1514.0,1
3708.0,114.747662,2252659786.0,3232235778.0,0.1,1514.0,1
3709.0,114.753802,2252659786.0,3232235778.0,0.1,1514.0,1
3710.0,114.759724,2252659786.0,3232235778.0,0.1,1514.0,1
3711.0,114.765641,2252659786.0,3232235778.0,0.1,1514.0,1
3712.0,114.771853,2252659786.0,3232235778.0,0.1,1514.0,1
3713.0,114.777828,2252659786.0,3232235778.0,0.1,1514.0,1
3714.0,114.784093,2252659786.0,3232235778.0,0.1,1514.0,1
3715.0,114.789786,2252659786.0,3232235778.0,0.1,1514.0,1
3716.0,114.795694,2252659786.0,3232235778.0,0.1,1514.0,1
3717.0,114.801591,2252659786.0,3232235778.0,0.1,1514.0,1
3718.0,114.8078,2252659786.0,3232235778.0,0.1,1514.0,1
3719.0,114.813685,2252659786.0,3232235778.0,0.1,1514.0,1
3720.0,114.819834,2252659786.0,3232235778.0,0.1,1514.0,1
3721.0,114.82577,2252659786.0,3232235778.0,0.1,1514.0,1
3722.0,114.840373,2252659786.0,3232235778.0,0.1,1514.0,1
3723.0,114.846261,2252659786.0,3232235778.0,0.1,1514.0,1
3724.0,114.852143,2252659786.0,3232235778.0,0.1,1514.0,1
3725.0,114.858772,2252659786.0,3232235778.0,0.1,1514.0,1
3726.0,114.864678,5.0813115766102115,3232235778.0,0.1,1514.0,0
3727.0,114.870841,2252659786.0,3232235778.0,0.1,1514.0,1
3728.0,114.890314,2252659786.0,3232235778.0,0.1,1514.0,1
3729.0,114.896208,2252659786.0,3232235778.0,0.1,1514.0,1
3730.0,114.902131,2252659786.0,3232235778.0,0.1,1514.0,1
3731.0,114.908285,2252659786.0,3232235778.0,0.1,1514.0,1
3732.0,114.914205,2252659786.0,3232235778.0,0.1,1514.0,1
3733.0,114.920097,2252659786.0,3232235778.0,0.1,1514.0,1
3734.0,114.926833,2252659786.0,3232235778.0,0.1,1514.0,1
3735.0,114.931664,2252659786.0,3232235778.0,0.1,1361.0,1
3736.0,118.997794,3232235778.0,2252659786.0,0.1,290.0,1
3737.0,119.130178,2252659786.0,3232235778.0,0.1,70.0,1
3738.0,119.136266,2252659786.0,3232235778.0,0.1,1514.0,1
3739.0,119.142925,2252659786.0,3232235778.0,0.1,1514.0,1
3740.0,119.262461,2252659786.0,3232235778.0,0.1,1514.0,1
3741.0,119.268375,2252659786.0,3232235778.0,0.1,1514.0,1
3742.0,119.274538,2252659786.0,3232235778.0,0.1,1514.0,1
3743.0,119.280978,2252659786.0,3232235778.0,0.1,1514.0,1
3744.0,119.286799,2252659786.0,3232235778.0,0.1,1514.0,1
3745.0,119.292976,2252659786.0,3232235778.0,0.1,1514.0,1
3746.0,119.389093,2252659786.0,3232235778.0,0.1,211.0,1
3747.0,123.078813,3232235778.0,2252659786.0,0.1,1514.0,1
3748.0,123.078841,3232235778.0,2252659786.0,0.1,1514.0,1
3749.0,123.078873,3232235778.0,2252659786.0,0.1,1262.0,1
3750.0,123.250683,2252659786.0,3232235778.0,0.1,70.0,1
3751.0,123.256626,2252659786.0,3232235778.0,0.1,1514.0,1
3752.0,123.262534,2252659786.0,3232235778.0,0.1,1514.0,1
3753.0,123.431538,2252659786.0,3232235778.0,0.1,1514.0,1
3754.0,123.437383,2252659786.0,3232235778.0,0.1,1514.0,1
3755.0,123.443585,2252659786.0,3232235778.0,0.1,1514.0,1
3756.0,123.450441,2252659786.0,3232235778.0,0.1,1514.0,1
3757.0,123.457103,2252659786.0,3232235778.0,0.1,1514.0,1
3758.0,123.463083,2252659786.0,3232235778.0,0.1,1514.0,1
3759.0,123.562573,2252659786.0,3232235778.0,0.1,1514.0,1
3760.0,123.568447,2252659786.0,3232235778.0,0.1,1514.0,1
3761.0,123.574447,2252659786.0,3232235778.0,0.1,1514.0,1
3762.0,123.580602,2252659786.0,3232235778.0,0.1,1514.0,1
3763.0,123.586436,2252659786.0,3232235778.0,0.1,1514.0,1
3764.0,123.592598,2252659786.0,3232235778.0,0.1,1514.0,1
3765.0,123.598533,2252659786.0,3232235778.0,0.1,1514.0,1
3766.0,123.604439,2252659786.0,3232235778.0,0.1,1514.0,1
3767.0,123.610605,2252659786.0,3232235778.0,0.1,1514.0,1
3768.0,123.616496,2252659786.0,3232235778.0,0.1,1514.0,1
3769.0,123.62241,2252659786.0,3232235778.0,0.1,1514.0,1
3770.0,123.628568,2252659786.0,3232235778.0,0.1,1514.0,1
3771.0,123.6962,2252659786.0,3232235778.0,0.1,1514.0,1
3772.0,123.700074,2252659786.0,3232235778.0,0.1,1514.0,1
3773.0,123.70595,2252659786.0,3232235778.0,0.1,1514.0,1
3774.0,123.712117,2252659786.0,3232235778.0,0.1,1514.0,1
3775.0,123.754476,2252659786.0,3232235778.0,0.1,1514.0,1
3776.0,123.760381,2252659786.0,3232235778.0,0.1,1514.0,1
3777.0,123.767037,2252659786.0,3232235778.0,0.1,1514.0,1
3778.0,123.772958,2252659786.0,3232235778.0,0.1,1514.0,1
3779.0,123.778385,2252659786.0,3232235778.0,0.1,1514.0,1
3780.0,123.784601,2252659786.0,3232235778.0,0.1,1514.0,1
3781.0,123.790454,2252659786.0,3232235778.0,0.1,1514.0,1
3782.0,123.796593,2252659786.0,3232235778.0,0.1,1514.0,1
3783.0,123.803066,2252659786.0,3232235778.0,0.1,1514.0,1
3784.0,123.808978,2252659786.0,3232235778.0,0.1,1514.0,1
3785.0,123.815657,2252659786.0,3232235778.0,0.1,1514.0,1
3786.0,123.821958,2252659786.0,3232235778.0,0.1,1514.0,1
3787.0,123.831135,2252659786.0,3232235778.0,0.1,1514.0,1
3788.0,123.839048,2252659786.0,3232235778.0,0.1,1514.0,1
3789.0,123.844956,2252659786.0,3232235778.0,0.1,1514.0,1
3790.0,123.851046,2252659786.0,3232235778.0,0.1,1514.0,1
3791.0,123.856955,2252659786.0,3232235778.0,0.1,1514.0,1
3792.0,123.862942,2252659786.0,3232235778.0,0.1,1514.0,1
3793.0,123.87645,2252659786.0,3232235778.0,0.1,1514.0,1
3794.0,123.882618,2252659786.0,3232235778.0,0.1,1514.0,1
3795.0,123.888532,2252659786.0,3232235778.0,0.1,1514.0,1
3796.0,123.894407,2252659786.0,3232235778.0,0.1,1514.0,1
3797.0,123.900588,2252659786.0,3232235778.0,0.1,1514.0,1
3798.0,123.906492,2252659786.0,3232235778.0,0.1,1514.0,1
3799.0,123.919055,2252659786.0,3232235778.0,0.1,1514.0,1
3800.0,123.925001,2252659786.0,3232235778.0,0.1,1514.0,1
3801.0,123.932138,2252659786.0,3232235778.0,0.1,1514.0,1
3802.0,123.938509,2252659786.0,3232235778.0,0.1,1514.0,1
3803.0,123.944441,2252659786.0,3232235778.0,0.1,1514.0,1
3804.0,123.950088,2252659786.0,3232235778.0,0.1,1514.0,1
3805.0,123.956031,2252659786.0,3232235778.0,0.1,1514.0,1
3806.0,123.961923,2252659786.0,3232235778.0,0.1,1514.0,1
3807.0,123.96814,2252659786.0,3232235778.0,0.1,1514.0,1
3808.0,123.973999,2252659786.0,3232235778.0,0.1,1514.0,1